{"cameraMode":{"drawMode":0,"name":"Shaded","section":"Shading Mode"},"sceneLighting":true,"audioPlay":false,"sceneViewState":{"m_AlwaysRefresh":false,"showFog":true,"showSkybox":true,"showFlares":true,"showImageEffects":true,"showParticleSystems":true,"showVisualEffectGraphs":true,"m_FxEnabled":false},"in2DMode":false,"pivot":{"x":100.88529205322266,"y":-19.13929557800293,"z":13.742937088012696},"rotation":{"x":0.4661691188812256,"y":-0.08362118154764176,"z":0.044410210102796558,"w":0.8796911835670471},"size":18.115629196166993,"orthographic":false}